<?xml version="1.0" encoding="UTF-8"?>
<project-private xmlns="http://www.netbeans.org/ns/project-private/1">
    <editor-bookmarks xmlns="http://www.netbeans.org/ns/editor-bookmarks/2" lastBookmarkId="0"/>
    <open-files xmlns="http://www.netbeans.org/ns/projectui-open-files/2">
        <group>
            <file>file:/home/arun/NetBeansProjects/OFSM/web/ordering.jsp</file>
            <file>file:/home/arun/NetBeansProjects/OFSM/web/fruits.jsp</file>
            <file>file:/home/arun/NetBeansProjects/OFSM/web/updatefruits.jsp</file>
            <file>file:/home/arun/NetBeansProjects/OFSM/src/java/orderdisplay.java</file>
            <file>file:/home/arun/NetBeansProjects/OFSM/src/java/register.java</file>
            <file>file:/home/arun/NetBeansProjects/OFSM/web/deletefruits.jsp</file>
            <file>file:/home/arun/NetBeansProjects/OFSM/web/register.html</file>
            <file>file:/home/arun/NetBeansProjects/OFSM/src/java/newdisplay.java</file>
            <file>file:/home/arun/NetBeansProjects/OFSM/src/java/Order.java</file>
            <file>file:/home/arun/NetBeansProjects/OFSM/web/users.jsp</file>
            <file>file:/home/arun/NetBeansProjects/OFSM/web/login.html</file>
            <file>file:/home/arun/NetBeansProjects/OFSM/web/admin.html</file>
            <file>file:/home/arun/NetBeansProjects/OFSM/src/java/Available.java</file>
            <file>file:/home/arun/NetBeansProjects/OFSM/src/java/Payment.java</file>
            <file>file:/home/arun/NetBeansProjects/OFSM/src/java/addfruits.java</file>
            <file>file:/home/arun/NetBeansProjects/OFSM/src/java/display.java</file>
            <file>file:/home/arun/NetBeansProjects/OFSM/web/profile.html</file>
            <file>file:/home/arun/NetBeansProjects/OFSM/src/java/Update.java</file>
            <file>file:/home/arun/NetBeansProjects/OFSM/web/WEB-INF/web.xml</file>
            <file>file:/home/arun/NetBeansProjects/OFSM/src/java/ulog.java</file>
            <file>file:/home/arun/NetBeansProjects/OFSM/web/orderfruits.jsp</file>
            <file>file:/home/arun/NetBeansProjects/OFSM/src/java/Delete.java</file>
            <file>file:/home/arun/NetBeansProjects/OFSM/src/java/login.java</file>
            <file>file:/home/arun/NetBeansProjects/OFSM/web/addfruits.jsp</file>
            <file>file:/home/arun/NetBeansProjects/OFSM/web/index.html</file>
            <file>file:/home/arun/NetBeansProjects/OFSM/web/editfruits.html</file>
        </group>
    </open-files>
</project-private>
